text,happy,depressed,surprised,angry,neutral
숨쉬는 것도 버거워요. 아무도 내 마음을 몰라줘요.,0,1,0,0,0
"예 예, 막 그런 것도 있는데  가장 큰 거는 이제 소단위로 봤을 때 저희 집 가족들만 봐 보더라도 어 오 저희 그 여섯 식구가 여섯 명이 다 모여서 이렇게 밥을 먹어본 적은 진짜  한 몇 년 된 거 같애요.",0,1,0,0,0
전혀 행복하지 않아요. 아무도 내 마음을 몰라줘요.,0,1,0,0,0
"근데 병원이 영주 병원을 갔는데 이미 뇌의 반이 피가 차 가지고 그때 그래가지고 막 우리한테 그 수혈 그거 어 헌혈증 구해달라 그러고 그래갖고 우리 헌혈증 구하고 갈랬더니 이미 이제 늦어갖고 돌아가신 거야, 새벽에.",0,1,0,0,0
절제할 거 다 절제하면서.,0,1,0,0,0
숨쉬는 것도 버거워요. 이런 삶을 계속 이어가야 할지 모르겠어요.,0,1,0,0,0
그러다가 갑자기 뭐 여자친구는 겨우겨우 살아났는데 친구는 그냥 사고로 죽은 거야.,0,1,0,0,0
기쁘다는 감정을 잊은 지 오래예요. 웃는 척하는 것도 이제 지쳤어요.,0,1,0,0,0
그런 말을 할 만큼 이렇게 심적으로 심리적으로 여유가 있는 가정은 아니었어.,0,1,0,0,0
숨쉬는 것도 버거워요. 너무 오랫동안 아팠어요.,0,1,0,0,0
전혀 행복하지 않아요.,0,1,0,0,0
정말 그럴까요… 전 제가 그렇게까지 의지가 있는지 모르겠는데.,0,1,0,0,0
전혀 행복하지 않아요. 너무 오랫동안 아팠어요.,0,1,0,0,0
전혀 행복하지 않아요. 아무리 노력해도 나아지지 않아요.,0,1,0,0,0
전혀 행복하지 않아요. 너무 오랫동안 아팠어요.,0,1,0,0,0
그냥 모든 게 의미 없어요. 아무리 노력해도 나아지지 않아요.,0,1,0,0,0
"아 엄마  아 모르겠어, 엄 엄마 밥이란 게 너무 영상 보자마자 너무 좀 뭉클한 거야.",0,1,0,0,0
그냥 사라지고 싶어요. 이런 삶을 계속 이어가야 할지 모르겠어요.,0,1,0,0,0
난 아침을 먹은 기억이 없어.,0,1,0,0,0
네. 매일이요. 그냥 다 멈췄으면 좋겠어요.,0,1,0,0,0
그니까 엄마가 새벽에도 와가지고 반찬을 싸 들고 집에 오잖아.,0,1,0,0,0
전혀 행복하지 않아요. 그냥 조용히 사라지고 싶어요.,0,1,0,0,0
그냥 사라지고 싶어요. 이런 삶을 계속 이어가야 할지 모르겠어요.,0,1,0,0,0
눈을 뜨면 다시 고통이 시작돼요. 그냥 조용히 사라지고 싶어요.,0,1,0,0,0
눈을 뜨면 다시 고통이 시작돼요. 웃는 척하는 것도 이제 지쳤어요.,0,1,0,0,0
"난 다섯 개 다 접었, 한 개 빼고 접었어 다.",0,1,0,0,0
음… 많이 힘들었어요. 솔직히 오기 직전까지도 가야 하나 말아야 하나 계속 고민했어요.,0,1,0,0,0
아무것도 하고 싶지 않아요. 매일 울다 잠들어요.,0,1,0,0,0
그냥 누워만 있고 싶어요. 그냥 조용히 사라지고 싶어요.,0,1,0,0,0
눈을 뜨면 다시 고통이 시작돼요. 매일 울다 잠들어요.,0,1,0,0,0
다 포기하고 싶어요.,0,1,0,0,0
모든 게 다 끝났으면 좋겠어요. 아무리 노력해도 나아지지 않아요.,0,1,0,0,0
다 포기하고 싶어요. 매일 울다 잠들어요.,0,1,0,0,0
숨쉬는 것도 버거워요. 다들 나를 잊은 것 같아요.,0,1,0,0,0
그냥 그런 느낌이 들었어.,0,1,0,0,0
전혀 행복하지 않아요. 매일 울다 잠들어요.,0,1,0,0,0
눈을 뜨면 다시 고통이 시작돼요. 너무 오랫동안 아팠어요.,0,1,0,0,0
그냥 끝내버리고 싶어요. 이런 삶을 계속 이어가야 할지 모르겠어요.,0,1,0,0,0
그냥 누워만 있고 싶어요. 웃는 척하는 것도 이제 지쳤어요.,0,1,0,0,0
그냥 사라지고 싶어요. 아무리 노력해도 나아지지 않아요.,0,1,0,0,0
음 아 어렸을 때부터 성차별 엄청 당해서.,0,1,0,0,0
서운하지.,0,1,0,0,0
기쁘다는 감정을 잊은 지 오래예요. 매일 울다 잠들어요.,0,1,0,0,0
다 포기하고 싶어요. 이런 삶을 계속 이어가야 할지 모르겠어요.,0,1,0,0,0
눈을 뜨면 다시 고통이 시작돼요. 너무 오랫동안 아팠어요.,0,1,0,0,0
슬픈 감정이에요,0,1,0,0,0
기쁘다는 감정을 잊은 지 오래예요. 그냥 조용히 사라지고 싶어요.,0,1,0,0,0
눈을 뜨면 다시 고통이 시작돼요. 매일 울다 잠들어요.,0,1,0,0,0
그니까 젊은 나이에 결혼을 해서 내 마누라가 죽어 가고 있는 상황에 자식들 위해서 웃겨줄려면 얼마나 그 마음이 단단했겠어?,0,1,0,0,0
매일이 똑같고 지쳐요. 그냥 조용히 사라지고 싶어요.,0,1,0,0,0
눈을 뜨면 다시 고통이 시작돼요. 이런 삶을 계속 이어가야 할지 모르겠어요.,0,1,0,0,0
모든 게 다 끝났으면 좋겠어요. 너무 오랫동안 아팠어요.,0,1,0,0,0
내가 왜 살아 있는지 모르겠어요. 주변에 사람이 있어도 외로워요.,0,1,0,0,0
그냥 모든 게 의미 없어요. 주변에 사람이 있어도 외로워요.,0,1,0,0,0
그거 보고 그때서야 실감 나서 아 아무리 그래도 그래서 그거 때문에 내 친구가 이 그 뭐냐 그냥 세상을 떠났지.,0,1,0,0,0
매일이 똑같고 지쳐요. 그냥 조용히 사라지고 싶어요.,0,1,0,0,0
내가 왜 살아 있는지 모르겠어요. 그냥 조용히 사라지고 싶어요.,0,1,0,0,0
내가 왜 살아 있는지 모르겠어요. 아무도 내 마음을 몰라줘요.,0,1,0,0,0
다 포기하고 싶어요.,0,1,0,0,0
나는 가족 그런 거에 너무 약한 것 같애.,0,1,0,0,0
그냥 누워만 있고 싶어요. 매일 울다 잠들어요.,0,1,0,0,0
그걸 받고 살았는데 좀 크니까 알겠더라고 엄마가 뭘 당했는지.,0,1,0,0,0
"오빠한테 전화하면서도 울었었잖아, 그때.",0,1,0,0,0
그래도 내가 좀 있을 때 해야 내가 이제 운전면허증 우 우 운전 연습도 할 거긴 하 하는데   엄마 왔다 갔다 할 때도 도움 줄 수 있고 하니까 아빠가 지금 나 있을 때 했으면 좋겠는데 내가 언제 어디로 취업할지 모르는 거니까.,0,1,0,0,0
매일이 똑같고 지쳐요. 너무 오랫동안 아팠어요.,0,1,0,0,0
아무것도 하고 싶지 않아요. 아무도 내 마음을 몰라줘요.,0,1,0,0,0
가능성이 있으니까 아빠가 치매에 걸리면 나는 진짜 그 어떻게 행동을 해야 할까 막 그런 가끔씩 생각이 들어.,0,1,0,0,0
다 포기하고 싶어요. 이런 삶을 계속 이어가야 할지 모르겠어요.,0,1,0,0,0
그냥 끝내버리고 싶어요. 그냥 조용히 사라지고 싶어요.,0,1,0,0,0
눈을 뜨면 다시 고통이 시작돼요. 매일 울다 잠들어요.,0,1,0,0,0
전혀 행복하지 않아요.,0,1,0,0,0
그냥 우울해 가지고 아무도 안 만나고.,0,1,0,0,0
아무것도 하고 싶지 않아요. 웃는 척하는 것도 이제 지쳤어요.,0,1,0,0,0
그럼 나머지 둘이 없어.,0,1,0,0,0
네 좀 많더라고요.,0,1,0,0,0
난 너무 그게 너무 안타깝더라고.,0,1,0,0,0
내가 왜 살아 있는지 모르겠어요. 주변에 사람이 있어도 외로워요.,0,1,0,0,0
아무것도 하고 싶지 않아요. 주변에 사람이 있어도 외로워요.,0,1,0,0,0
그니까 그냥 와도 되는데 아직 어어 아직 아들이 이렇게 시험이 남았으니까 바리바리 그 싸고 오는 막 드라마에서 보던 그 장면 있잖아 막.,0,1,0,0,0
매일이 똑같고 지쳐요.,0,1,0,0,0
"그런 거 가만히 보면은 뭐 나랑 동생 낳아가지고 하고 싶은 거 포기하고 좀 사고 싶은 거 참고 그 좀 엄마, 그 사람 자체의 인생을 놓고 보면은  우리가 나오고 나서 굉장히 좀 더 힘들어지지 않았나.",0,1,0,0,0
그냥 사라지고 싶어요. 너무 오랫동안 아팠어요.,0,1,0,0,0
숨쉬는 것도 버거워요. 웃는 척하는 것도 이제 지쳤어요.,0,1,0,0,0
어 잔주름이 막 생기신거야 막 기미랑.,0,1,0,0,0
그냥 모든 게 의미 없어요. 주변에 사람이 있어도 외로워요.,0,1,0,0,0
그냥 끝내버리고 싶어요. 너무 오랫동안 아팠어요.,0,1,0,0,0
하아 엄마.,0,1,0,0,0
그냥 모든 게 의미 없어요. 이런 삶을 계속 이어가야 할지 모르겠어요.,0,1,0,0,0
다 포기하고 싶어요. 그냥 조용히 사라지고 싶어요.,0,1,0,0,0
살아가는 게 벌 같아요. 주변에 사람이 있어도 외로워요.,0,1,0,0,0
"응 안 한, 폐지, 폐지됐지.",0,1,0,0,0
눈을 뜨면 다시 고통이 시작돼요. 매일 울다 잠들어요.,0,1,0,0,0
기쁘다는 감정을 잊은 지 오래예요. 아무도 내 마음을 몰라줘요.,0,1,0,0,0
근데 만약 걔네가 복학을 했는데 약간 그렇게 생각을 할 거라고 생각하니까 나는 되게 마음이 안 좋았어.,0,1,0,0,0
좀 씁쓸하다.,0,1,0,0,0
"어 막 같이 울었잖아 어, 근데 뭐라 아무 위로 말을 어떻게 해줄 수가 없는 거야.",0,1,0,0,0
아무것도 하고 싶지 않아요. 아무도 내 마음을 몰라줘요.,0,1,0,0,0
모든 게 다 끝났으면 좋겠어요. 이런 삶을 계속 이어가야 할지 모르겠어요.,0,1,0,0,0
"아쉬, 아 아쉬워.",0,1,0,0,0
그냥 누워만 있고 싶어요. 그냥 조용히 사라지고 싶어요.,0,1,0,0,0
그냥 누워만 있고 싶어요. 아무리 노력해도 나아지지 않아요.,0,1,0,0,0
매일이 똑같고 지쳐요. 주변에 사람이 있어도 외로워요.,0,1,0,0,0
아니면 이제 뭐 친구네 어머님이 교통사고 나셔가지고 이제 몰랐는데 나도 사고가 나서 이렇게 봤더니 아는 얼굴이야 그래서 가봤더니 이제 친구네 어머님이 교통사고 나신 거야 얼굴이 알아볼 수가 없는 거야 진짜로.,0,1,0,0,0
그냥 모든 게 의미 없어요. 매일 울다 잠들어요.,0,1,0,0,0
아무도 나를 필요로 하지 않아요. 이런 삶을 계속 이어가야 할지 모르겠어요.,0,1,0,0,0
전혀 행복하지 않아요. 아무리 노력해도 나아지지 않아요.,0,1,0,0,0
기쁘다는 감정을 잊은 지 오래예요. 아무도 내 마음을 몰라줘요.,0,1,0,0,0
그냥 누워만 있고 싶어요. 다들 나를 잊은 것 같아요.,0,1,0,0,0
근데 아까 부모 입장에서는  뭔가 자기만 생각하는 것 같고 어 가족들은 생각을 안 하는 것 같다.,0,1,0,0,0
기쁘다는 감정을 잊은 지 오래예요. 이런 삶을 계속 이어가야 할지 모르겠어요.,0,1,0,0,0
그냥 누워만 있고 싶어요. 매일 울다 잠들어요.,0,1,0,0,0
매일이 똑같고 지쳐요. 주변에 사람이 있어도 외로워요.,0,1,0,0,0
애기 죽었을 거 같애.,0,1,0,0,0
그래서 빨리 돈 벌어서  빨리 돈을 벌어야 될 거 같애 그래서.,0,1,0,0,0
매일이 똑같고 지쳐요. 아무리 노력해도 나아지지 않아요.,0,1,0,0,0
숨쉬는 것도 버거워요.,0,1,0,0,0
"그래가지고 와 그 남자애는 진짜 완전 너무 마음 아파가지고 그 자리에서 울, 어 울더라고.",0,1,0,0,0
그냥 모든 게 의미 없어요. 너무 오랫동안 아팠어요.,0,1,0,0,0
다 포기하고 싶어요. 주변에 사람이 있어도 외로워요.,0,1,0,0,0
그냥 모든 게 의미 없어요. 주변에 사람이 있어도 외로워요.,0,1,0,0,0
그냥 모든 게 의미 없어요. 주변에 사람이 있어도 외로워요.,0,1,0,0,0
매일이 똑같고 지쳐요. 너무 오랫동안 아팠어요.,0,1,0,0,0
내가 왜 살아 있는지 모르겠어요. 웃는 척하는 것도 이제 지쳤어요.,0,1,0,0,0
매일이 똑같고 지쳐요. 주변에 사람이 있어도 외로워요.,0,1,0,0,0
아무것도 하고 싶지 않아요. 주변에 사람이 있어도 외로워요.,0,1,0,0,0
아무도 나를 필요로 하지 않아요.,0,1,0,0,0
"이럴 때는 뭔가 조금 아 나도 가족이랑 같이 있고 싶다 아니면 아 나도 집에서 좀 이렇게 쉬고 싶, 그니까 뭔가 가족이랑 함께 있는 그런 그 일상들이 되게 소중했 소 그 되게 느끼고 싶어가지고  그랬었는데 그래도 그 방편이 하나가 그 TV.",0,1,0,0,0
그냥 끝내버리고 싶어요. 주변에 사람이 있어도 외로워요.,0,1,0,0,0
눈을 뜨면 다시 고통이 시작돼요. 아무리 노력해도 나아지지 않아요.,0,1,0,0,0
아무것도 하고 싶지 않아요. 아무리 노력해도 나아지지 않아요.,0,1,0,0,0
눈을 뜨면 다시 고통이 시작돼요. 주변에 사람이 있어도 외로워요.,0,1,0,0,0
살아가는 게 벌 같아요. 아무리 노력해도 나아지지 않아요.,0,1,0,0,0
매일이 똑같고 지쳐요.,0,1,0,0,0
그냥 사라지고 싶어요. 이런 삶을 계속 이어가야 할지 모르겠어요.,0,1,0,0,0
숨쉬는 것도 버거워요. 너무 오랫동안 아팠어요.,0,1,0,0,0
이제 그 사고 현장에서는 떨어지고 이제 병원을 병문안을 갔는데 얼굴이 부어가지고 나한테 막 간식도 챙겨주시고 이랬던 아주머니가 얼굴이 다 부어서 못 알아보겠더라고 그냥 이런 사고들?,0,1,0,0,0
언니가 했던 말 중에 하나가 엄마가 집에 아빠는 이제 엄마는 결혼 하자부터 아팠어.,0,1,0,0,0
누군가는 음식을 이제 준비해야 되고 예 먼저 먹어야 되고 애들이 저희는 또 친척 조카들이 다 어려가지고 애들 챙기는데 바쁘거든요.,0,1,0,0,0
숨쉬는 것도 버거워요. 아무도 내 마음을 몰라줘요.,0,1,0,0,0
그니까 엄마가 욱해가지고 순간적으로 아 좋은 맘을 먹었는데도 이렇게 들으니까 기분이 너무 나쁘다고 막 나한테 막 하소연하더라고..,0,1,0,0,0
몇 시간 만에 그냥 어어  새벽에 울면서 전화 와가지고  아빠 돌아가셨다고 막 펑펑 우는데 같이 울었잖아.,0,1,0,0,0
그냥 모든 게 의미 없어요. 주변에 사람이 있어도 외로워요.,0,1,0,0,0
기쁘다는 감정을 잊은 지 오래예요. 너무 오랫동안 아팠어요.,0,1,0,0,0
내가 왜 살아 있는지 모르겠어요. 아무리 노력해도 나아지지 않아요.,0,1,0,0,0
"어 거기서 밥 먹는데 어 진짜 약간 엄마가 해준 진짜 밥 진짜 그런 먹, 먹는 느낌 어 딱 그런 감정이 딱 나오더라, 다.",0,1,0,0,0
그렇게 되면은 어 되게 슬프겠네.,0,1,0,0,0
그냥 사라지고 싶어요. 그냥 조용히 사라지고 싶어요.,0,1,0,0,0
다 포기하고 싶어요. 주변에 사람이 있어도 외로워요.,0,1,0,0,0
해서 난  가족 누군가한테 뭐 사랑한다고 말하거나 뭘 표현한 적이 없는 거 같아서 그 부분이 좀 슬펐었어.,0,1,0,0,0
아무도 나를 필요로 하지 않아요. 너무 오랫동안 아팠어요.,0,1,0,0,0
모든 게 다 끝났으면 좋겠어요. 다들 나를 잊은 것 같아요.,0,1,0,0,0
그냥 사라지고 싶어요. 다들 나를 잊은 것 같아요.,0,1,0,0,0
"맞아,  허전하고 약간  나에 대한 이제 생각이 사랑이 식었나 약간 이럴 때.",0,1,0,0,0
그러니깐 내 맞선임인데 되게 좀 자살이란 말야.,0,1,0,0,0
그냥 끝내버리고 싶어요. 아무도 내 마음을 몰라줘요.,0,1,0,0,0
아무것도 하고 싶지 않아요. 그냥 조용히 사라지고 싶어요.,0,1,0,0,0
아 개 슬픈데?,0,1,0,0,0
다 포기하고 싶어요.,0,1,0,0,0
그냥 모든 게 의미 없어요. 이런 삶을 계속 이어가야 할지 모르겠어요.,0,1,0,0,0
"근데 이게 뭔가 남녀 사랑 얘기가 아니라 엄마랑 아들의 감정이라서 더 애틋 짠한 거 같애, 언니 말대로.",0,1,0,0,0
"맞아, 무한도전 끝나버린 게 너무 아쉬워.",0,1,0,0,0
보여 눈으로.,0,1,0,0,0
근데 지금은 가서 인제 한 번씩 뵈고 그러면은 아 시간이 많이 흐르긴 했구나.,0,1,0,0,0
결혼하자 결혼하자마자부터 아팠어.,0,1,0,0,0
매일이 똑같고 지쳐요. 다들 나를 잊은 것 같아요.,0,1,0,0,0
근데 그때 다 옮겨놓고 그 엄마가 잘 살아라 이러면서 갔었거든.,0,1,0,0,0
살아가는 게 벌 같아요.,0,1,0,0,0
매일이 똑같고 지쳐요.,0,1,0,0,0
그냥 누워만 있고 싶어요. 다들 나를 잊은 것 같아요.,0,1,0,0,0
매일이 똑같고 지쳐요. 그냥 조용히 사라지고 싶어요.,0,1,0,0,0
매일이 똑같고 지쳐요. 아무리 노력해도 나아지지 않아요.,0,1,0,0,0
아무것도 하고 싶지 않아요. 아무도 내 마음을 몰라줘요.,0,1,0,0,0
맞아 다른 재밌는 예능도 요즘에 많이 나와버리니까 런닝맨이 묻히기 시작했어. l/,0,1,0,0,0
"근데 옛날 이제 똑같이 너희 집처럼 막  돼지고기도 넣고 참치도 넣고 하는데  인제는 집에 안 간, 그 안, 갔는데 그게 없으면 좀 서운해.",0,1,0,0,0
살아가는 게 벌 같아요. 너무 오랫동안 아팠어요.,0,1,0,0,0
예 그래가지고  뭐 그런 좀 부상을 당했던 기억이  좀 있네요.,0,1,0,0,0
그냥 누워만 있고 싶어요. 주변에 사람이 있어도 외로워요.,0,1,0,0,0
다 포기하고 싶어요. 너무 오랫동안 아팠어요.,0,1,0,0,0
울었어 그래서?,0,1,0,0,0
"뭔가 그런 적도 한 번씩  그때 한번 있었는데 뭔가 그때 뭔가 어리니까 그런 감정을 몰랐는데 뭔가  그렇게 엄마가 우는 게 처음이여 가지고 그게 내가 처음으로 봤었던 뭔가 좀 그런 안 좋았, 막 좀 슬펐던 기억?",0,1,0,0,0
"그니까는 서울에서 연락을 듣고 부랴부랴 갔다가 중환자실에 계시니까는 너무 무서워 아, 아빠 손도 못 잡아드리겠더래.",0,1,0,0,0
아까 보면 좀 기분이 조금 이상해.,0,1,0,0,0
살아가는 게 벌 같아요. 너무 오랫동안 아팠어요.,0,1,0,0,0
아무것도 하고 싶지 않아요. 그냥 조용히 사라지고 싶어요.,0,1,0,0,0
추석이었는데 어 어머님이 이제 며느리 고생할까 봐 손수 다 명절 음식을 미리 만들어 놓으신 거야.,0,1,0,0,0
항상 자식들한테 최선을 다하면서 자식들이 우울하지 않게 집에서 웃음꽃이 활짝 피게 항상 그래서 우리 언니가  집에서 웃음이 떠난 날이 없었다고 그랬어.,0,1,0,0,0
정확히 시도한 건 아닌데… 약을 한꺼번에 많이 삼킨 적은 있어요.,0,1,0,0,0
매일이 똑같고 지쳐요. 주변에 사람이 있어도 외로워요.,0,1,0,0,0
매일이 똑같고 지쳐요. 다들 나를 잊은 것 같아요.,0,1,0,0,0
어 딱 10년 지기 친구가 그래서 처음에 친구들이 나한테 전화해서 뭐 장난치지 말라고 그냥 만나자 해가지고 했는데 진짜 막상 그걸 직접 보고 뭐 뉴스에서 뜨고 막 이랬거든.,0,1,0,0,0
모든 게 다 끝났으면 좋겠어요. 주변에 사람이 있어도 외로워요.,0,1,0,0,0
모든 게 다 끝났으면 좋겠어요. 너무 오랫동안 아팠어요.,0,1,0,0,0
내가 죽는다고 달라지는게 있을까?,0,1,0,0,0
내가 왜 살아 있는지 모르겠어요. 아무도 내 마음을 몰라줘요.,0,1,0,0,0
"근데 다 들으면 엄마 말이 맞는 말인데 그냥 잘되라고 하는 말인데 그냥 잘되라고 하는 말인데 그냥 그 순간에는 막 듣기도 싫고 그런데 나중에 생각하면 아, 이거 내가 잘못했지 이러는데 또 그 말 들으면 괜히 막 반발심이 생겨가지고 아니야 내가 알아서 한다고 하면서 막 이러고.",0,1,0,0,0
보니까 거짓말을 친 거였드라고.,0,1,0,0,0
살아가는 게 벌 같아요. 매일 울다 잠들어요.,0,1,0,0,0
그냥 모든 게 의미 없어요. 매일 울다 잠들어요.,0,1,0,0,0
모든 게 다 끝났으면 좋겠어요. 매일 울다 잠들어요.,0,1,0,0,0
"나는 맨날 어 이 술, 술 먹고 용돈 받고 살고 막 정신 못 차리고 맨날 놀러당기고 그러는데 엄마는 이제 그럴 내가 그럴 때 열심히 인제 돈 버셔가지고 나 용돈 주시고 그런 거잖아.",0,1,0,0,0
내가 왜 살아 있는지 모르겠어요. 그냥 조용히 사라지고 싶어요.,0,1,0,0,0
그냥 모든 게 의미 없어요. 너무 오랫동안 아팠어요.,0,1,0,0,0
"일상 전반이요. 친구들 연락도 끊겼고, 부모님도 요즘은 기대 안 하시는 것 같아요.",0,1,0,0,0
내가 왜 살아 있는지 모르겠어요. 웃는 척하는 것도 이제 지쳤어요.,0,1,0,0,0
기쁘다는 감정을 잊은 지 오래예요. 너무 오랫동안 아팠어요.,0,1,0,0,0
너무 여러 개가 겹쳐가지고 총체적 난국이라고 해야 되나?,0,1,0,0,0
나 아까 선민이도 안타까워.,0,1,0,0,0
"어, 그거 사다리차가 높은 게 없어가지고 사다리가 그래가지고 진화하는데 어려웠다 그러더라 나도  그 기사 보고 놀래가지고 아빠한테 전화하고 난리였어 새벽에 난 기사를 봤어.",0,1,0,0,0
다 포기하고 싶어요.,0,1,0,0,0
다 포기하고 싶어요. 아무도 내 마음을 몰라줘요.,0,1,0,0,0
그냥 사라지고 싶어요. 아무도 내 마음을 몰라줘요.,0,1,0,0,0
그냥 모든 게 의미 없어요. 그냥 조용히 사라지고 싶어요.,0,1,0,0,0
"영상, 영상 괜히 보자고 했는데, 존나 슬픈데?",0,1,0,0,0
숨쉬는 것도 버거워요. 너무 오랫동안 아팠어요.,0,1,0,0,0
그냥 사라지고 싶어요.,0,1,0,0,0
눈을 뜨면 다시 고통이 시작돼요. 너무 오랫동안 아팠어요.,0,1,0,0,0
"그래서 성격도 엄청 많이 바뀌고 완전 낯, 낯도 엄청 많이 가리게 되고 원래 사람들도 좋아하고 진짜 되게 활발하고 그랬는데 완전 소극적이고 내성적이고.",0,1,0,0,0
나도 진짜 가족이랑 연락 엄청 안 하고 살긴 하지.,0,1,0,0,0
전혀 행복하지 않아요. 그냥 조용히 사라지고 싶어요.,0,1,0,0,0
그냥 모든 게 의미 없어요. 그냥 조용히 사라지고 싶어요.,0,1,0,0,0
모든 게 다 끝났으면 좋겠어요. 매일 울다 잠들어요.,0,1,0,0,0
내가 왜 살아 있는지 모르겠어요. 이런 삶을 계속 이어가야 할지 모르겠어요.,0,1,0,0,0
"그런 사람들이 약간 안 좋은 말 하면은  되게 나보다 더 심각하게 받아들이고 그거에 계속 휘둘리고 그랬던 거 같애요, 지금까지.",0,1,0,0,0
오늘은 정말 죽을 거 같은 하루야.,0,1,0,0,0
눈을 뜨면 다시 고통이 시작돼요.,0,1,0,0,0
매일이 똑같고 지쳐요. 웃는 척하는 것도 이제 지쳤어요.,0,1,0,0,0
기쁘다는 감정을 잊은 지 오래예요. 이런 삶을 계속 이어가야 할지 모르겠어요.,0,1,0,0,0
어 어떡해.,0,1,0,0,0
매일이 똑같고 지쳐요. 웃는 척하는 것도 이제 지쳤어요.,0,1,0,0,0
눈을 뜨면 다시 고통이 시작돼요. 다들 나를 잊은 것 같아요.,0,1,0,0,0
"어우 좀 너무 짠한 내용이었어, 어.",0,1,0,0,0
숨쉬는 것도 버거워요. 너무 오랫동안 아팠어요.,0,1,0,0,0
그냥 누워만 있고 싶어요. 다들 나를 잊은 것 같아요.,0,1,0,0,0
더 잘해야지 싶기도 하고.,0,1,0,0,0
전혀 행복하지 않아요. 너무 오랫동안 아팠어요.,0,1,0,0,0
그냥 끝내버리고 싶어요. 아무리 노력해도 나아지지 않아요.,0,1,0,0,0
그니까 그런 것들을 이제 내가 좀 닮은 거 같기도 하고 그래서 감사하긴 한데  지금은 이제 음 또 아프시잖아.,0,1,0,0,0
이렇게 쪼그려 앉아서 막 울었단 말이야.,0,1,0,0,0
눈을 뜨면 다시 고통이 시작돼요. 너무 오랫동안 아팠어요.,0,1,0,0,0
아무도 나를 필요로 하지 않아요. 매일 울다 잠들어요.,0,1,0,0,0
그거 보고 아 애기도 죽었을 거 같은.,0,1,0,0,0
그냥 모든 게 의미 없어요. 아무리 노력해도 나아지지 않아요.,0,1,0,0,0
"그래서 그것 때문에 좀 트라우마가 커, 나도.",0,1,0,0,0
다 포기하고 싶어요. 아무리 노력해도 나아지지 않아요.,0,1,0,0,0
전혀 행복하지 않아요. 이런 삶을 계속 이어가야 할지 모르겠어요.,0,1,0,0,0
내가 왜 살아 있는지 모르겠어요.,0,1,0,0,0
기쁘다는 감정을 잊은 지 오래예요. 이런 삶을 계속 이어가야 할지 모르겠어요.,0,1,0,0,0
다 포기하고 싶어요. 웃는 척하는 것도 이제 지쳤어요.,0,1,0,0,0
응 나는 엄마랑 뭐 여행 다녀본 기억도 없고.,0,1,0,0,0
약간 입양을 애 아파서 입양했는데 완치되면은 파양하는 사람들 있잖아.,0,1,0,0,0
그냥 사라지고 싶어요.,0,1,0,0,0
"사라졌죠. 취업 준비하면서 자신감도 없어지고, 계속 떨어지니까 자존감도 바닥이 되고…",0,1,0,0,0
그냥 사라지고 싶어요. 다들 나를 잊은 것 같아요.,0,1,0,0,0
아무것도 하고 싶지 않아요. 매일 울다 잠들어요.,0,1,0,0,0
그러면은 먹고 싶은 거 얘기해.,0,1,0,0,0
기쁘다는 감정을 잊은 지 오래예요. 그냥 조용히 사라지고 싶어요.,0,1,0,0,0
그래서 그런 내 경험 생각이 나면서 좀 l/ 축 처졌던 거 같애.,0,1,0,0,0
전혀 행복하지 않아요. 아무도 내 마음을 몰라줘요.,0,1,0,0,0
아 저도 그 뭐 세일러문 할 때 많이 울었거든요.,0,1,0,0,0
그래가지고  엄마도 먹어 그랬는데 아니라고 아니라고 해가지고  좀 그랬었지.,0,1,0,0,0
엄마가 친 친가 안간지 꽤 됐고 아빠도 외가 안 간 지도 꽤 됐고 서로 이러고 지내니까 명절 때 되면은 엄마는 외가 쪽 아빠는 친가 쪽 따로따로 가버리고.,0,1,0,0,0
그냥 누워만 있고 싶어요. 주변에 사람이 있어도 외로워요.,0,1,0,0,0
기쁘다는 감정을 잊은 지 오래예요. 이런 삶을 계속 이어가야 할지 모르겠어요.,0,1,0,0,0
요즘 애들 모를걸.,0,1,0,0,0
대체 뭐가 문제야? 왜 이따위로 행동하는 거야?,0,0,0,1,0
대체 뭐가 문제야? 나보고 참으란 말 하지 마.,0,0,0,1,0
원래 작년 말에 들어온다고 했었는데 알고 보니까 8년 뒤에 들어올 수도 있었던 상황을 말을 안 해준 거니까.,0,0,0,1,0
"무슨 생각으로 그런 짓을 한 거야? 사람 피말리게 하네, 정말.",0,0,0,1,0
그래 왜 합리화를 하냐고.,0,0,0,1,0
자고 오라고 내보내주잖아.,0,0,0,1,0
무슨 생각으로 그런 짓을 한 거야? 왜 이따위로 행동하는 거야?,0,0,0,1,0
못 받았지.,0,0,0,1,0
응 네가 뭐 운 나쁘게 어 다른 분들은 뭐 잘 뭐 열고 닫고 하시는데요 뭐 그게 중요한 게 아니고 어쨌든 사람이 다친 거잖아 무조건.,0,0,0,1,0
"특히 고등학교 때 공부 못했었는데 그 자꾸 가족들 다 있는대서 성적이 어떻게 되냐 뭐 이러면서 자기 어렸, 내가 어렸을 때는 이렇게 힘들었는데 왜 너 너는 어렸을 어렸을 때 그렇게 어 사랑 많이받고 막 어 풍족하게 살았는데 어 맞아.",0,0,0,1,0
말 좀 똑바로 해! 나보고 참으란 말 하지 마.,0,0,0,1,0
"그럴 거면 나한테 잘해주던가, 그럼 내가 좋아서 인사하겠지.",0,0,0,1,0
그만 좀 해! 무시하냐?,0,0,0,1,0
또 시작이네! 나보고 참으란 말 하지 마.,0,0,0,1,0
업무 기준이면 똑같은 실수한 다른 팀원들은 왜 넘어가요? 저한테만 그렇게 예민하게 구는 이유가 뭐죠?,0,0,0,1,0
또 시작이네! 무시하냐?,0,0,0,1,0
맞아 그래가지고 그 사촌 언니는 계속 큰아빠 보고 하지 말라고 수연이 이과 갔다고 그렇게 말하는데 큰아빠는 계속 눈치 없이 계속 술만 마시면 검사 l/ 진짜 아니었어.,0,0,0,1,0
아무것도 안 해.,0,0,0,1,0
근데   설거지까지 내가 했단 말야.,0,0,0,1,0
나도 참다 참다 말하는 거야. 이게 대화가 되냐?,0,0,0,1,0
그 김 이사는 대화가 안 돼.,0,0,0,1,0
남들은 가정이 있다는 이유로 집에 일찍 가고 그 사람들에 잔업까지 내가 좀 당연하게 해야 되는 거야.,0,0,0,1,0
대체 뭐가 문제야? 진짜 지긋지긋하다.,0,0,0,1,0
그만 좀 해! 무시하냐?,0,0,0,1,0
도대체 니가 뭘 안다고 그래?,0,0,0,1,0
자기들이 자기 입맛대로 편하게 해달라고 해주는데 그것도 싫다고 하면은 어쩌라고.,0,0,0,1,0
근데 실 사장님이나 실장님이나 와 가지고 쓰잘데기 없는 걸로 되게 막 테클 거는 약간 그런 거 있지?,0,0,0,1,0
무슨 생각으로 그런 짓을 한 거야? 도대체 양심이 있긴 한 거야?,0,0,0,1,0
왜 자꾸 도대체 양심이 있긴 한 거야?,0,0,0,1,0
"근데 난 그거 이해가 안 가는 거야, 나는 너무 싫었던 기억이고 그랬는데 걔네는 그걸 갑자기 추억으로 포장해서 우리도 하자 우리도 하자 이러 이러는 게 솔직히 말이 안 된다고 생각을 하거든?",0,0,0,1,0
"개 또라이새끼네 진짜, 그래갖고 생각해 보니까는 사귀는 동안 아무 지 친구도 보여준 적도 없고 뭐 한 적도 없고 어 그런 거지.",0,0,0,1,0
"내가 예의를 갖춘 갖춰야 되는 자리가 아닌데도 아닌데 막 그냥 막 내가 입고 싶은 대로 입었다고  막 지적할 땐 기분이 좀 나쁘긴 하지, 꼰대라고 생각을 하기도 하고.",0,0,0,1,0
왜 자꾸 무시하냐?,0,0,0,1,0
도대체 왜 이따위로 행동하는 거야?,0,0,0,1,0
나도 참다 참다 말하는 거야. 니가 뭘 안다고 그래?,0,0,0,1,0
대체 뭐가 문제야? 나보고 참으란 말 하지 마.,0,0,0,1,0
진짜 짜증나게 하네. 무시하냐?,0,0,0,1,0
"대체 뭐가 문제야? 사람 피말리게 하네, 정말.",0,0,0,1,0
난 그런 가부장적인 얘기를 들으면서 야 진짜 옛날 사람들 진짜 꽉 막혀있구 진짜 말도 안 된다 이런 생각을 많이 했지.,0,0,0,1,0
그만 좀 해! 도대체 양심이 있긴 한 거야?,0,0,0,1,0
그런 건데 난 진짜 처음에는 아 좀 안 하면 안 되겠냐 좀 싫다 근데 알겠다면서 계속하고 있는 거야.,0,0,0,1,0
진짜 짜증나게 하네. 무시하냐?,0,0,0,1,0
나도 참다 참다 말하는 거야. 이게 대화가 되냐?,0,0,0,1,0
체력도 안 되는 사람 뽑아서 그렇게 실전에 투입시키면 진짜 큰일 날 수도 있을 것 같애.,0,0,0,1,0
그니까 남자애가 혼자 밥도 먹을 줄 알아야지 왜 그거 하나 일일이 챙겨주냐 하면서 밥상을 뒤집어엎은 거야 그래가지고  하아 아빠 가부장적이다 생각했는데 저 이제 할머니 돌아가시고 그때부터 조금 나아지긴 했는데 진짜 이제 그 크런 커다란 부분만은 고쳐진 거고 그 사소한 몸속에 배인 그 가부장적인 거는 아직 그 어른들 세대에서는 빠지지 않는 냄새 같은 것 같애.,0,0,0,1,0
그 막 이렇게 해가지고 아 저 싫다고 아 잠깐 와보라고 걔가 그러는 거야.,0,0,0,1,0
말 좀 똑바로 해! 도대체 양심이 있긴 한 거야?,0,0,0,1,0
무슨 생각으로 그런 짓을 한 거야? 이게 대화가 되냐?,0,0,0,1,0
"막 이러면서, 나이도 어린 게.",0,0,0,1,0
나도 참다 참다 말하는 거야. 도대체 양심이 있긴 한 거야?,0,0,0,1,0
나도 참다 참다 말하는 거야. 도대체 양심이 있긴 한 거야?,0,0,0,1,0
그리고 난 회 원래 잘 안 좋아해.,0,0,0,1,0
대체 뭐가 문제야? 왜 이따위로 행동하는 거야?,0,0,0,1,0
그만 좀 해! 진짜 지긋지긋하다.,0,0,0,1,0
또 시작이네! 도대체 양심이 있긴 한 거야?,0,0,0,1,0
"그것도 남, 남자 셋이 접었어, 남자 셋이.",0,0,0,1,0
그걸 내가 실시간으로 보고 있었어.,0,0,0,1,0
근데 커피 타는 거 여직원이고 청소하는 거 여직원이고 그렇다고 해서 그런 돈 따로 주는 거 아니잖아.,0,0,0,1,0
또 시작이네! 왜 이따위로 행동하는 거야?,0,0,0,1,0
아 너가 따르면 되지 왜 내가 따라 약간 이런 느낌이야.,0,0,0,1,0
말이 쉽지 그게.,0,0,0,1,0
말 좀 똑바로 해! 무시하냐?,0,0,0,1,0
"좋아요. 이 상태로 계속 갈 순 없으니까, 팀장님한테 이야기할게요. 제3자 앞에서 얘기하죠. 저도 더 이상 지훈 씨랑 단둘이 이야기하고 싶지 않네요.",0,0,0,1,0
도대체 무시하냐?,0,0,0,1,0
그리고 나서 나는 그 뒤로도 그 선배가 나한테 그렇게 했던 게 너무 꼴배기가 싫어 가지고 나는 절대로 내 후배나 뭐 동갑 친구던 후배던 선배던 술자리에서 절대 술 강요하지 않아.,0,0,0,1,0
정신 좀 차려! 진짜 지긋지긋하다.,0,0,0,1,0
"좀 잡일, 잡일을 정말 많이 시켜.",0,0,0,1,0
"그래요. 선배가 다 맞는 건 아니지만, 최소한 조직에서 기본적인 태도는 지켜야죠. 그걸 모르니까 이런 소리 듣는 거예요.",0,0,0,1,0
아 그런 남자들 딱 질색이야.,0,0,0,1,0
"막 집합을 걸면은 와가지고 진짜 누가 보면은 대학교 막 한 내가 1, 9면은 막 한 1, 4학번 형들이 1, 2학번 형들이 말하는 것처럼 우리 바로 위 학년이 아 형이 불렀는데 뭐 5분 안에 안 튀어 오네 왔는데 뭐 물을 안 사오네 이 땡볕에 아이스크림 안 사오네 아니 뭐 우리가 학생인데 돈이 어딨냐.",0,0,0,1,0
"아니, 이건 아니잖아! 무시하냐?",0,0,0,1,0
무슨 생각으로 그런 짓을 한 거야? 무시하냐?,0,0,0,1,0
또 시작이네! 그렇게 살지 마라 제발.,0,0,0,1,0
그만 좀 해! 니가 뭘 안다고 그래?,0,0,0,1,0
왜 자꾸 무시하냐?,0,0,0,1,0
왜 자꾸 도대체 양심이 있긴 한 거야?,0,0,0,1,0
"아오 꼰대같애, 아오 내가 아오 어르신, 어 하지마 어르신.",0,0,0,1,0
무슨 생각으로 그런 짓을 한 거야? 진짜 지긋지긋하다.,0,0,0,1,0
어 그리고 나 통장 만들러 가면은 진짜 주부들은 통장을 못 만들어.,0,0,0,1,0
"아니, 이건 아니잖아! 사람 피말리게 하네, 정말.",0,0,0,1,0
그래서 꼭 그 내가 빠른 년생이니까 보통 한학번 선배들이 많이 잡잖아.,0,0,0,1,0
말 좀 똑바로 해! 몇 번을 말해야 알아듣니?,0,0,0,1,0
"왜 자꾸 사람 피말리게 하네, 정말.",0,0,0,1,0
"아니, 이건 아니잖아! 사람 피말리게 하네, 정말.",0,0,0,1,0
"아니, 이건 아니잖아! 나보고 참으란 말 하지 마.",0,0,0,1,0
도대체 진짜 지긋지긋하다.,0,0,0,1,0
진짜 짜증나게 하네. 도대체 양심이 있긴 한 거야?,0,0,0,1,0
정신 좀 차려! 도대체 양심이 있긴 한 거야?,0,0,0,1,0
"아니, 이건 아니잖아! 도대체 양심이 있긴 한 거야?",0,0,0,1,0
"뭐야, 인성. ",0,0,0,1,0
말 좀 똑바로 해! 그렇게 살지 마라 제발.,0,0,0,1,0
"아니, 이건 아니잖아! 니가 뭘 안다고 그래?",0,0,0,1,0
자다가 명치 맞아 가지고 아오 죽는 줄 알았어.,0,0,0,1,0
말 좀 똑바로 해! 도대체 양심이 있긴 한 거야?,0,0,0,1,0
"아니, 이건 아니잖아! 왜 이따위로 행동하는 거야?",0,0,0,1,0
그럼 기분이 나빠.,0,0,0,1,0
어 근데 그 아줌마가 그 운전해가지고 사고가 났는데 괜찮냐고 물어만 보고 병원 데려갈 생각을 안 하고 있는 거야.,0,0,0,1,0
아 근데 우리한테 진짜 원래 엄청 심한 욕했었는데 그때 그 그 다른 오빠 있잖아.,0,0,0,1,0
"아니, 이건 아니잖아! 진짜 지긋지긋하다.",0,0,0,1,0
무슨 생각으로 그런 짓을 한 거야? 나보고 참으란 말 하지 마.,0,0,0,1,0
무슨 생각으로 그런 짓을 한 거야? 몇 번을 말해야 알아듣니?,0,0,0,1,0
정신 좀 차려! 진짜 지긋지긋하다.,0,0,0,1,0
"아니, 이건 아니잖아! 진짜 지긋지긋하다.",0,0,0,1,0
근데 남자 복학생 뭐 막 접근하지도 말아야 된다 신입생들 말도 걸면 안된다 약간 친해지지 말라 약간 이런 게 있잖아.,0,0,0,1,0
진짜 짜증나게 하네. 왜 이따위로 행동하는 거야?,0,0,0,1,0
"아니, 이건 아니잖아! 무시하냐?",0,0,0,1,0
근데 가끔 진짜 나 내 주위 지인도 여경이 있지만 그런 거 보면은 진짜 왜 저런 사람을 뽑았지 싶더라.,0,0,0,1,0
자기들이 잘못해서 얘기를 꺼내도 아 저 꼰대 이러면 또 할 말 없지.,0,0,0,1,0
말 좀 똑바로 해! 도대체 양심이 있긴 한 거야?,0,0,0,1,0
나도 참다 참다 말하는 거야. 도대체 양심이 있긴 한 거야?,0,0,0,1,0
갑자기 이를 가는데 엄청 갈았어.,0,0,0,1,0
또 시작이네! 도대체 양심이 있긴 한 거야?,0,0,0,1,0
도대체 도대체 양심이 있긴 한 거야?,0,0,0,1,0
선배도 상사답게 말하세요. 꼬투리 잡는 걸 지적이라고 생각하지 마시고요.,0,0,0,1,0
그래갖고 다 이제 처리해 주고 할아버지가 얘기를 들어보니까  좀 혼자 사시고 내가 도망갈까 봐 계속  너무 오바해서 화를 막 내시더라고.,0,0,0,1,0
어 알아 알아 그걸 또 하자 그랬다매.,0,0,0,1,0
"왜 자꾸 사람 피말리게 하네, 정말.",0,0,0,1,0
도대체 니가 뭘 안다고 그래?,0,0,0,1,0
뭐 다 불러가지고 왜 인사 안 하니 막 이러고.,0,0,0,1,0
대체 뭐가 문제야? 무시하냐?,0,0,0,1,0
왜 자꾸 왜 이따위로 행동하는 거야?,0,0,0,1,0
그래갖고 이제 이 젊은 애들 좀 있으니까 아 걔가 그랬다고 어떻게 그럴 수 있냐고 그렇게 안 생겼는데 솔직히 그래  뭐 무거운 거 날르는 거 남자들이야 하면은 할 수 있지.,0,0,0,1,0
"아니, 이건 아니잖아! 사람 피말리게 하네, 정말.",0,0,0,1,0
왜 나한테  항상 말은 어  내가 언니니까 어 너를 이렇게 챙겨주는 거야.,0,0,0,1,0
무슨 생각으로 그런 짓을 한 거야? 진짜 지긋지긋하다.,0,0,0,1,0
그럼 이제 엄마 혼자 맨날 그 제사상에 올라가는 음식  그전부터 맨날 북부시장 어디고 왔다 갔다 하면서 장도 봐오고 음식도 하고 그거 다 갖다가 다시 음식 해 다시 데우고 뭐하고 해서 상에 올리고 그거 다 치우고.,0,0,0,1,0
좀 많이 나쁜 거 같애.,0,0,0,1,0
도대체 나보고 참으란 말 하지 마.,0,0,0,1,0
왜 자꾸 왜 이따위로 행동하는 거야?,0,0,0,1,0
무슨 생각으로 그런 짓을 한 거야? 그렇게 살지 마라 제발.,0,0,0,1,0
"지훈 씨, 말 가려서 해요. 지금 말하는 방식이 문제라고요. 후배답게 처신 좀 똑바로 하세요.",0,0,0,1,0
그래갖고 한 번은 이번에도 싸운 계기가 내가 말은 안 했지만 어 너무 서운하더라고.,0,0,0,1,0
진짜 짜증나게 하네. 몇 번을 말해야 알아듣니?,0,0,0,1,0
"어, 왜 높은 사람한테 술을 따라줘야 하지 나는 이 생각이야.",0,0,0,1,0
대체 뭐가 문제야? 그렇게 살지 마라 제발.,0,0,0,1,0
정신 좀 차려! 무시하냐?,0,0,0,1,0
무슨 생각으로 그런 짓을 한 거야? 이게 대화가 되냐?,0,0,0,1,0
"뭐 크게 보면은 군대 얘기 꺼내는 사람들이나 어 내 그리고 그 자기가 선배한테 당한 얘기 나 때는 선배들이 이랬다저랬다 그래서 나도 그런다 그게 제일 문제같애, 자기도 똑 똑같이 하는 거.",0,0,0,1,0
어 아님 아까 엄마의 밥 그거 보고 뭉클했던 마음 저 저거 보고 완전 개 짜 식었어.,0,0,0,1,0
진짜 짜증나게 하네. 왜 이따위로 행동하는 거야?,0,0,0,1,0
정신 좀 차려! 그렇게 살지 마라 제발.,0,0,0,1,0
그만 좀 해! 그렇게 살지 마라 제발.,0,0,0,1,0
진짜 짜증나게 하네. 왜 이따위로 행동하는 거야?,0,0,0,1,0
무슨 생각으로 그런 짓을 한 거야? 진짜 지긋지긋하다.,0,0,0,1,0
그만 좀 가르치라고.,0,0,0,1,0
어어어  왜 그러는거야.,0,0,0,1,0
그 오빠 여자친구 전데요 이러면서는 싸웠던 적이 있었어 그래갖고 일단 나는 지금 일을 하고 있으니까는 관리로 또 들어가야 되고 아 일단 기다려 보시라고 저 지금 일하고 있으니까는 나중에 전화하자고 하고 끊고 관리하고  점심시간에 전화를 다시 했어 내가.,0,0,0,1,0
나도 참다 참다 말하는 거야. 진짜 지긋지긋하다.,0,0,0,1,0
"그러니까 그게 이렇게 이렇게 내려오는 거잖아, 약간 관습처럼 남자들은 가만히 있고 여자들은 일하고 그다음에 남자들은 절하고 그래서 내가 너무 화가 나가지고 아빠랑 그 동생한테 왜 일을 안 하냐 막 이런 식으로 했는데 우리 엄마가 나한테 넌 왜 그러냐 나한테 성격이 이상하다는 거야.",0,0,0,1,0
무슨 생각으로 그런 짓을 한 거야? 나보고 참으란 말 하지 마.,0,0,0,1,0
"완전 꼰대 식으로, 자기가 나이가 많다는 이유로.",0,0,0,1,0
그래갖고 그 새끼한테 전화해가지고 막  이런  어 쌍욕을 막 육두문자를 겁나했지 하고서는 더 웃긴 건 뭔지 알아 해명할 가치도 못 느꼈나 봐 나한테.,0,0,0,1,0
"점장 이제 매니저가 나이가 이제 막 30대, 40대 이랬으니까 되게 막 어리다고 얕잡아 보는 이런 게 되게 많았어, 함부로 대하는.",0,0,0,1,0
정신 좀 차려! 니가 뭘 안다고 그래?,0,0,0,1,0
그래서 막 왜 그러냐고 그랬더니 막 그 같이 이렇게 미대 가자 막 자기 이렇게 같이 가자 이러는 거야.,0,0,0,1,0
"10, 10만 원이야 10만 원, 모둠 회가 거기.",0,0,0,1,0
거지도 아니고.,0,0,0,1,0
그만 좀 해! 진짜 지긋지긋하다.,0,0,0,1,0
근데 우리가 그때 너무 스트레스 받고 막 몇 애들 막 울고 나가고 그랬단 말이야.,0,0,0,1,0
"나도 참다 참다 말하는 거야. 사람 피말리게 하네, 정말.",0,0,0,1,0
"대체 뭐가 문제야? 사람 피말리게 하네, 정말.",0,0,0,1,0
나도 몰카 찍은 거?,0,0,0,1,0
또 시작이네! 무시하냐?,0,0,0,1,0
정신 좀 차려! 몇 번을 말해야 알아듣니?,0,0,0,1,0
정신 좀 차려! 그렇게 살지 마라 제발.,0,0,0,1,0
도대체 이게 대화가 되냐?,0,0,0,1,0
"그런 걸 봐서 뭐해, 진짜 어이가 없네.",0,0,0,1,0
"왜 자꾸 사람 피말리게 하네, 정말.",0,0,0,1,0
말 좀 똑바로 해! 니가 뭘 안다고 그래?,0,0,0,1,0
그만 좀 해! 이게 대화가 되냐?,0,0,0,1,0
대체 뭐가 문제야? 이게 대화가 되냐?,0,0,0,1,0
말 좀 똑바로 해! 진짜 지긋지긋하다.,0,0,0,1,0
왜 자꾸 몇 번을 말해야 알아듣니?,0,0,0,1,0
또 시작이네! 니가 뭘 안다고 그래?,0,0,0,1,0
그거 자체가 꼰대 같은 느낌도 들어.,0,0,0,1,0
또 시작이네! 그렇게 살지 마라 제발.,0,0,0,1,0
왜 자꾸 몇 번을 말해야 알아듣니?,0,0,0,1,0
왜 자꾸 나보고 참으란 말 하지 마.,0,0,0,1,0
기분이 상한 건 나도 마찬가지예요. 아랫사람이 피드백을 그렇게 받아들이면 팀 분위기 망가지는 거예요.,0,0,0,1,0
그리고 밥 먹다가도 물 하면 엄마가 가서 가서 물 갖고 오고 너무 싫은 거야.,0,0,0,1,0
왜 자꾸 진짜 지긋지긋하다.,0,0,0,1,0
나도 참다 참다 말하는 거야. 왜 이따위로 행동하는 거야?,0,0,0,1,0
"그니까는 뭐 이렇게 월급 받는 통장 이런 게 아니니까 진짜 내가 그래갖고 은행 가서 너무 황당해갖고 그럼 주부들은 통장을 어떻게 만들어요 그러고 물어봤다니까, 그러니까는 은행원이 그러게요 이러는 거야.",0,0,0,1,0
정신 좀 차려! 진짜 지긋지긋하다.,0,0,0,1,0
"그리고 뭐 하루에 야 한 거기 과실에서 어차피 맨날 마주치는 사람인데 거기서 뭐 하루에 몇 번 마주치겠냐, 근데 매번 갈 때마다 어 인사하고 이게 얼마나 어 시간 낭비고 감정노동이여.",0,0,0,1,0
"아니, 이건 아니잖아! 몇 번을 말해야 알아듣니?",0,0,0,1,0
대체 뭐가 문제야? 그렇게 살지 마라 제발.,0,0,0,1,0
진짜 짜증나게 하네. 무시하냐?,0,0,0,1,0
"응 응 얘가 공부를 좀 더 잘해도 못 생겼으면 조금 떨어져도 어 얘, 이쁜 애를 뽑는 그니까.",0,0,0,1,0
이런 기준을 두는 거 자체가.,0,0,0,1,0
또 시작이네! 왜 이따위로 행동하는 거야?,0,0,0,1,0
또 시작이네! 무시하냐?,0,0,0,1,0
"내가 그냥 느꼈을, 보고 그냥 최근에 좀 불편하게 느끼는 거는 너무 여자들은 지금 요구만 하고 있지 않나.",0,0,0,1,0
대체 뭐가 문제야? 도대체 양심이 있긴 한 거야?,0,0,0,1,0
그만 좀 해! 니가 뭘 안다고 그래?,0,0,0,1,0
그만 좀 해! 도대체 양심이 있긴 한 거야?,0,0,0,1,0
말 좀 똑바로 해! 몇 번을 말해야 알아듣니?,0,0,0,1,0
도대체 도대체 양심이 있긴 한 거야?,0,0,0,1,0
도대체 니가 뭘 안다고 그래?,0,0,0,1,0
말 좀 똑바로 해! 왜 이따위로 행동하는 거야?,0,0,0,1,0
또 시작이네! 나보고 참으란 말 하지 마.,0,0,0,1,0
정신 좀 차려! 니가 뭘 안다고 그래?,0,0,0,1,0
나도 참다 참다 말하는 거야. 무시하냐?,0,0,0,1,0
도대체 도대체 양심이 있긴 한 거야?,0,0,0,1,0
그만 좀 해! 왜 이따위로 행동하는 거야?,0,0,0,1,0
그래갖고 우리 와이프 무릎 있는 데를 그냥 그대로 친 거지.,0,0,0,1,0
근데도 이제 자기 얘기 들어보라고 막 계속 강요하고 뭐 또 막 혼자서 생각하는 게 쉬운 거냐고 막 선생님들이 괜히 있는 게 아니다 라면서 강요를 하시더라구요.,0,0,0,1,0
애기 있다 그러면 더.,0,0,0,1,0
"또 시작이네! 사람 피말리게 하네, 정말.",0,0,0,1,0
응  그니까는 직장이 없는 주부들은 통장을 만들 수가 없는 거야.,0,0,0,1,0
무슨 생각으로 그런 짓을 한 거야? 몇 번을 말해야 알아듣니?,0,0,0,1,0
친구도 아니다.,0,0,0,1,0
"아니, 이건 아니잖아! 도대체 양심이 있긴 한 거야?",0,0,0,1,0
또 시작이네! 왜 이따위로 행동하는 거야?,0,0,0,1,0
대체 뭐가 문제야? 그렇게 살지 마라 제발.,0,0,0,1,0
애기 없으면 애기 낳아야 된다고 막 뭐라고 하시면서 정작 낳고 나니까 막 너는 막 왔으니까 일해라 애기는 보지 말고.,0,0,0,1,0
나도 참다 참다 말하는 거야. 니가 뭘 안다고 그래?,0,0,0,1,0
"동생이랑 나랑 이제 이게 그렇게 싫다고 하는데도 약간 다른 사람들한테 안 해야 되겠다고 생각은 하는데 어쩌다가 한 번씩 나오더라고, 화가 나면은.",0,0,0,1,0
"또 시작이네! 사람 피말리게 하네, 정말.",0,0,0,1,0
또 시작이네! 니가 뭘 안다고 그래?,0,0,0,1,0
"아니, 이건 아니잖아! 나보고 참으란 말 하지 마.",0,0,0,1,0
"아니, 이건 아니잖아! 몇 번을 말해야 알아듣니?",0,0,0,1,0
아까 저것도 언어폭력이야.,0,0,0,1,0
말 좀 똑바로 해! 몇 번을 말해야 알아듣니?,0,0,0,1,0
대체 뭐가 문제야? 그렇게 살지 마라 제발.,0,0,0,1,0
대체 뭐가 문제야? 그렇게 살지 마라 제발.,0,0,0,1,0
"예전에도 어 사장님이랑 이렇게 같이 인제 동서지간 까리 이제 이렇게 같은 일을 했는데 나만 인제 부하 직원이었던 거죠, 한 마디로.",0,0,0,1,0
"뭔 제삿밥이냐고 요즘 시대에 제삿밥이냐고, 야 내가 너 너 오죽했으면은 야 나 먼, 너 먼저 죽어라 내가 너 어 납골당에다가 고이고이 모셔둘라니까 이랬다니까.",0,0,0,1,0
나도 참다 참다 말하는 거야. 무시하냐?,0,0,0,1,0
진짜 짜증나게 하네. 그렇게 살지 마라 제발.,0,0,0,1,0
대체 뭐가 문제야? 나보고 참으란 말 하지 마.,0,0,0,1,0
"해명도 안 해, 아무것도 안 해.",0,0,0,1,0
왜 자꾸 나보고 참으란 말 하지 마.,0,0,0,1,0
"아니, 이건 아니잖아! 니가 뭘 안다고 그래?",0,0,0,1,0
또 시작이네! 왜 이따위로 행동하는 거야?,0,0,0,1,0
그지 그냥 나 같으면 그냥  아 얘는 진짜 그냥 집에 있는 옷차림 그대로 나왔나 하면서 나오기 싫은데 억지로 나왔나 이 생각 하지.,0,0,0,1,0
근데 근데 사실 꼰대가 뭐 하나 진짜 무조건 있다고 생각을 하는데 근데 걔도 걔도 진짜 막 앞에서는 애들한테 아 자기는 뭐 욕먹는 위치다 이런 얘기를 한번 했었거든 우리한테?,0,0,0,1,0
"응 계속  진짜 진짜 거의 3년 동안 내내 검사, 검사, 검사 l/ 진짜 검사를 몇 번이나 들었는지 몰라 응.",0,0,0,1,0
싼 게 아니었고 0이 하나 더 붙어있더라고.,0,0,0,1,0
아니 나보고 야 너 내가 어쩌구저쩌구 나한테 막 협박을 하는 거야 약간 그니까 야 내가 나이도 많고 어 내가 약간 가오가 있지 내가 너네가 시키는그런 일을 해야 돼? 약간 이런 걸로 나를 협박하는 거야 그래서 내가 그냥 네네 할 줄 알았던 거지 워낙 둥글게 가 모토여서 그래서 나도 모르게 욱한 거야 그래서 뭐 어떻게 해드릴까요 내가 이랬어 뭐 어떻게 해드릴까요? 이랬더니.,0,0,0,1,0
왜 자꾸 진짜 지긋지긋하다.,0,0,0,1,0
네가 싫어서 널 피한 게 아니다 또 인제 내가 말하니까 왜 나랑 연락 안 하냐.,0,0,0,1,0
도대체 무시하냐?,0,0,0,1,0
정신 좀 차려! 이게 대화가 되냐?,0,0,0,1,0
어 그래서 내가 너무 화가 나가지고 어 너무 화 너무 화가 나가지고 좀 시간이 지났긴 했는데 어쩌겠어 난 지금 알았는데 그래가지고 그 후배한테 연락을 했지.,0,0,0,1,0
"무슨 생각으로 그런 짓을 한 거야? 사람 피말리게 하네, 정말.",0,0,0,1,0
"아니, 이건 아니잖아! 몇 번을 말해야 알아듣니?",0,0,0,1,0
"아니, 이건 아니잖아! 진짜 지긋지긋하다.",0,0,0,1,0
"무슨 생각으로 그런 짓을 한 거야? 사람 피말리게 하네, 정말.",0,0,0,1,0
근데 이 직업을 갖기 위하면 어느 정도에 예  그 조건을 갖춘 상태에서 해야 되지  애초에 이렇게 여자라고 해서 낮추는 거 자체가 약간 말하면서 역차별 느낌이지 않나 생각을 좀 많이 해요.,0,0,0,1,0
"어 막  어우 진, 진짜 꼰대 같애 막 애들한테도 한 번씩 막 말을 잔소리 할 때 보면은.",0,0,0,1,0
정신 좀 차려! 니가 뭘 안다고 그래?,0,0,0,1,0
도대체 진짜 지긋지긋하다.,0,0,0,1,0
내가 봉투 추가하시면 20원 어쩔 수 없이 추가되신다 이게 법 때문에 어쩔 수 없다 이렇게 얘기하면 어린놈이 왜 그러냐고 약간 그렇게 얘기하시는 분 있단 말이야.,0,0,0,1,0
도대체 그렇게 살지 마라 제발.,0,0,0,1,0
그만 좀 해! 무시하냐?,0,0,0,1,0
"내가 그렇게까지 했다고 생각하면, 정식으로 말하세요. 뒷말하지 말고. 그런데 이건 그냥 예의 없는 태도예요.",0,0,0,1,0
왜냐면 너무너무 당한 느낌이어서.,0,0,0,1,0
성적인 것도 있지만 꼰대지.,0,0,0,1,0
나도 나빠.,0,0,0,1,0
나도 참다 참다 말하는 거야. 무시하냐?,0,0,0,1,0
무슨 생각으로 그런 짓을 한 거야? 이게 대화가 되냐?,0,0,0,1,0
제가 고칠 시간도 안 주고 바로 지적부터 하시잖아요. 그럼 당연히 반감 생기죠.,0,0,0,1,0
언어 학대.,0,0,0,1,0
결국 이건 뭐 당연한 거라면서 뭐 좀 그런 식으로 얘기해서 나는 그냥 걔 버리고 서울로 왔거든 먼저.,0,0,0,1,0
"그동안 참았는데요. 왜 항상 남 무시하면서 말하세요? 후배들 의견은 듣지도 않고, 일 시킬 땐 막 시키고.",0,0,0,1,0
"아 그 그리고 그것도 그렇고 건배사를 계속하라는 거야, 어른들 앞에서 .",0,0,0,1,0
그럼 진짜로  와 이게 내가 지금 엄마 아빠 도와주는 일이라서 참는 거 참는거지 내가 만약에 뭐 다른 사람 가게여도 그러면 안 되겠지만 진짜  진짜 엎고 한바탕을 해야하나  그런.,0,0,0,1,0
정신 좀 차려! 니가 뭘 안다고 그래?,0,0,0,1,0
"아니, 이건 아니잖아! 무시하냐?",0,0,0,1,0
아 진짜 짜증나네 대체 왜 안되는거야?,0,0,0,1,0
괜찮냐는 말 한마디도 없이.,0,0,0,1,0
"그러니까 말이 안 되잖아, 나 초등학생인데 나 초등학생 중에서도 나 앞 번호, 나 키 커서 앞이었거든 맨날.",0,0,0,1,0
그그  너무 편향적이었고 그 이제 와서 꼰대라는 게 우리 20대 이상 시대에  아니 그냥 꼰대라는 게 의미가 있나 싶어.,0,0,0,1,0
진짜 짜증나게 하네. 무시하냐?,0,0,0,1,0
"그만 좀 해! 사람 피말리게 하네, 정말.",0,0,0,1,0
또 시작이네! 무시하냐?,0,0,0,1,0
"어 뭐 말 편하게 할게요 뭐 해도 돼요 이런 식으로 해야지 반말할게, 뭐 애초에 반말 해놓고 무슨 반말한다고 말을 해.",0,0,0,1,0
말 좀 똑바로 해! 진짜 지긋지긋하다.,0,0,0,1,0
정신 좀 차려! 그렇게 살지 마라 제발.,0,0,0,1,0
"그니까 그 저 꼰대의 기준치 자체가 너무 그냥 어이가 없다고 봐, 나는.",0,0,0,1,0
"도대체 사람 피말리게 하네, 정말.",0,0,0,1,0
말 좀 똑바로 해! 도대체 양심이 있긴 한 거야?,0,0,0,1,0
어 진짜  아 왜 그러는 거야 막 갑자기 막 애들한테 저 어린 새끼가 또 저 새끼가 어려도 힘은 너보다 좋을 수 있으니까 건들지 마 내가 맨날 그러거든.,0,0,0,1,0
생각이 없는 거지.,0,0,0,1,0
근데 그 중에 최악은 지금이야.,0,0,0,1,0
진짜 짜증나게 하네. 몇 번을 말해야 알아듣니?,0,0,0,1,0
정신 좀 차려! 몇 번을 말해야 알아듣니?,0,0,0,1,0
무슨 생각으로 그런 짓을 한 거야? 그렇게 살지 마라 제발.,0,0,0,1,0
진짜 짜증나게 하네. 이게 대화가 되냐?,0,0,0,1,0
나 학생이냐고 나 당신 사범 일할 때 가르쳤던 학생 아니고 당신 딸 아니라고.,0,0,0,1,0
거지같죠.,0,0,0,1,0
그만 좀 해! 진짜 지긋지긋하다.,0,0,0,1,0
"그니까 그런 거 있어서 나는 오만가지 생각이 다 드는 거야, 막.",0,0,0,1,0
그 사람들이랑 지훈 씨랑은 다르니까요. 아직 신입인데 태도부터 고쳐야죠. 회사는 학교 아니에요.,0,0,0,1,0
"최소환 남자친구가 있는데 그 남사친으로서의 선은 지켜야 되지, 최소한의 예의는.",0,0,0,1,0
피 마르면 죽어 그래 그냥 대놓고.,0,0,0,1,0
정신 좀 차려! 도대체 양심이 있긴 한 거야?,0,0,0,1,0
또 시작이네! 도대체 양심이 있긴 한 거야?,0,0,0,1,0
그러니까 엄마 나 후라이 좀 그면 엄만 또 일어나서 해줘.,0,0,0,1,0
"너무 어이가 없는 게 사실 요새 사람들이 다 이 내 개인적인 생각인데 좀 예전보다 더 이기적인 점점 어 개인주의적으로 변하고 있잖아, 사회 자체가.",0,0,0,1,0
무슨 생각으로 그런 짓을 한 거야? 나보고 참으란 말 하지 마.,0,0,0,1,0
나도 참다 참다 말하는 거야. 니가 뭘 안다고 그래?,0,0,0,1,0
왜 자꾸 무시하냐?,0,0,0,1,0
"무슨 생각으로 그런 짓을 한 거야? 사람 피말리게 하네, 정말.",0,0,0,1,0
무슨 생각으로 그런 짓을 한 거야? 진짜 지긋지긋하다.,0,0,0,1,0
어 그래갖고 내가 또라이냐고 야 내가 너 죽으면은 강가에다가 뿌려줄 거라고 했다니까.,0,0,0,1,0
무슨 생각으로 그런 짓을 한 거야? 나보고 참으란 말 하지 마.,0,0,0,1,0
진짜 짜증나게 하네. 왜 이따위로 행동하는 거야?,0,0,0,1,0
무슨 생각으로 그런 짓을 한 거야? 도대체 양심이 있긴 한 거야?,0,0,0,1,0
그까 정확히 걔는 10만 원 중에 굳이 금액으로 따지면 한 580원 정도 먹은 거야 580원어치 정도.,0,0,0,1,0
말 좀 똑바로 해! 니가 뭘 안다고 그래?,0,0,0,1,0
"진짜 짜증나게 하네. 사람 피말리게 하네, 정말.",0,0,0,1,0
그만 좀 해! 진짜 지긋지긋하다.,0,0,0,1,0
무슨 생각으로 그런 짓을 한 거야? 왜 이따위로 행동하는 거야?,0,0,0,1,0
와 그래서 나 그거 보고 이게 무슨 소리야.,0,0,0,1,0
진짜 짜증나게 하네. 왜 이따위로 행동하는 거야?,0,0,0,1,0
그만 좀 해! 무시하냐?,0,0,0,1,0
너무 싫어해서 어 그래서 딱 보자마자 아씨 이러고 혼자 이러고 있었어.,0,0,0,1,0
근데 이게 갑자기 대드는 게 아니라 이렇게 얘기하다가 아빠의 논리에 막혔을 때 꼭 그러시니까 나는 좀 어이가 없는 거지.,0,0,0,1,0
너무 시끄럽기만 해.,0,0,0,1,0
왜 자꾸 도대체 양심이 있긴 한 거야?,0,0,0,1,0
"진짜 어이가 없어가지고 애, 애들 뭐 고생시킬 일 있냐고.",0,0,0,1,0
야 그런 건 해줘야지.,0,0,0,1,0
난 진짜 그거 다 들어주는 사람들 이해가 안 되더라.,0,0,0,1,0
도대체 이게 대화가 되냐?,0,0,0,1,0
무슨 생각으로 그런 짓을 한 거야? 니가 뭘 안다고 그래?,0,0,0,1,0
도대체 진짜 지긋지긋하다.,0,0,0,1,0
그건 본인 느낌이잖아.,0,0,0,1,0
근데 진짜 수원이나 이런 사람 많은 곳에 가면은 꼭 그렇게 말 거는 사람들이 꼭 있어.,0,0,0,1,0
"무슨 생각으로 그런 짓을 한 거야? 사람 피말리게 하네, 정말.",0,0,0,1,0
그러고 나서 근데 피곤하다고 안 나온다고 약간 이런 식으로 얘기를 하는 거야 응 그래서 열이 받아서 앉아 있는데.,0,0,0,1,0
말 좀 똑바로 해! 이게 대화가 되냐?,0,0,0,1,0
근데 그게 막 어 다행이다 우리 안 혼나는구나  걔네는 그렇게 생각을 했나 봐.,0,0,0,1,0
말 좀 똑바로 해! 이게 대화가 되냐?,0,0,0,1,0
"그래서 난 너무 마음에 안 들었지, 진짜.",0,0,0,1,0
왜 자꾸 니가 뭘 안다고 그래?,0,0,0,1,0
내가 할 거니까.,0,0,0,1,0
그게 꼭 제 태도 문제라고 단정하시는 건가요? 저는 업무만 제대로 하면 되는 줄 알았는데요.,0,0,0,1,0
무슨 생각으로 그런 짓을 한 거야? 진짜 지긋지긋하다.,0,0,0,1,0
진짜 아니 그게 사람이 할 짓이야?,0,0,0,1,0
진짜 짜증나게 하네. 도대체 양심이 있긴 한 거야?,0,0,0,1,0
그렇게 하다 보니까 아 막 엄마가 명절만 지나면은 몸살이 나.,0,0,0,1,0
도대체 나보고 참으란 말 하지 마.,0,0,0,1,0
근데 내가 평균 나이 55세 앞에서 건배사를 해야겠냐고 나보다 인생 많이 산 분들 앞에서.,0,0,0,1,0
참 진짜 그게.,0,0,0,1,0
이런 말도 한 번은 그래 그럴 수도 있겠다 이런 생각을 하면서도 한 번은 또 내가 얼마나 더 저기했길래 내가 왜 굳이 이런 소리를 들어야 되지?,0,0,0,1,0
"아니, 이건 아니잖아! 이게 대화가 되냐?",0,0,0,1,0
어 지 친구도 아닌데 그렇게 부르는 것도 좀 기분 나빴어.,0,0,0,1,0
